datetime,OGM_doc,NIT_nit,PHS_frp,OXY_oxy
2017-01-01 11:00:00,38.716892227372725,0.0800559863651606,0.050368920439435264,354.7947870644516
2017-01-01 23:00:00,38.51978344274635,0.08061881438013015,0.05061815447039059,354.4813106009189
2017-01-02 11:00:00,38.03076145032341,0.08035703899773394,0.05115783415124664,354.3729150107311
2017-01-02 23:00:00,38.573568471062444,0.08098637180151592,0.05141755596911369,353.8423801006398
2017-01-03 11:00:00,38.150288141894094,0.08778514658963144,0.05201352591180365,353.9150928462003
2017-01-03 23:00:00,38.669613773275465,0.0883343353520295,0.05228271848429163,353.40849792137243
2017-01-04 11:00:00,34.7796676181185,0.06652834054147269,0.03924717023198368,353.6560471158047
2017-01-04 23:00:00,35.219160714796296,0.06713536676523646,0.039569160616079756,354.07397139650783
2017-01-05 11:00:00,32.72108736964345,0.0718597018889503,0.04901714306250459,354.19241880097275
2017-01-05 23:00:00,33.11994987796977,0.07243110766193922,0.04930986824946769,354.2535825037858
2017-01-06 11:00:00,33.52448158467425,0.07304298960856777,0.04942554571233216,352.45770393471327
2017-01-06 23:00:00,32.943070989915576,0.08627895549493345,0.050467964151507255,356.5493480494318
2017-01-07 11:00:00,33.33938266962816,0.08676667042392062,0.050594133710372115,354.7627660284295
2017-01-07 23:00:00,30.78192437138761,0.08052036705965791,0.046634476631164025,359.1561884209956
2017-01-08 11:00:00,30.178882540797066,0.08941217984154533,0.04382493510395522,362.28154692402086
2017-01-08 23:00:00,30.517286152292463,0.08995910240853883,0.04411844359859297,362.21815977228715
2017-01-09 11:00:00,30.78724242949463,0.08755591354669258,0.04202159560786094,364.8171743922176
2017-01-09 23:00:00,31.124880213228618,0.088184801155364,0.04228827087859752,364.37567326226787
2017-01-10 11:00:00,30.41017293816327,0.08828164400252397,0.04295142375641085,365.807587297406
2017-01-10 23:00:00,30.736035178623034,0.08901686482901168,0.04322356942962778,365.3308649593355
2017-01-11 11:00:00,30.72002730183127,0.09192956308281465,0.044356121561146655,366.6611240047977
2017-01-11 23:00:00,31.044423874288707,0.09271865445273031,0.04463437445204358,366.1122472776911
2017-01-12 11:00:00,31.26655364211416,0.08953753284516713,0.04370824525938294,366.58415714449484
2017-01-12 23:00:00,31.591930413270575,0.09038847128523887,0.04398587273335766,366.0000036849033
2017-01-13 11:00:00,30.9349157570278,0.09067148666236342,0.04755751839850888,364.7319039083998
2017-01-13 23:00:00,31.2520291949193,0.09158131663506902,0.04783668727836125,364.1553293910264
2017-01-14 11:00:00,31.66101731310883,0.09312689321348071,0.0481643647434189,363.71927281633367
2017-01-14 23:00:00,32.18436570040016,0.09528585022933524,0.048538816862101576,362.1766070392276
2017-01-15 11:00:00,32.14112392191797,0.09941931625808725,0.045859468850437304,361.06827496362575
2017-01-15 23:00:00,32.46437982533149,0.10029428854053553,0.046149382368109455,360.48457950658866
2017-01-16 11:00:00,32.48090774072959,0.09837499296965693,0.04572690297640779,359.49503875852935
2017-01-16 23:00:00,32.804219050014524,0.0993156367202379,0.046018763484632866,358.91051001462324
2017-01-17 11:00:00,31.752591763401895,0.09702527994033966,0.047166945241060756,357.87331903611056
2017-01-17 23:00:00,32.05982935154226,0.09803792030364632,0.04745601480694537,357.3055047567682
2017-01-18 11:00:00,32.357060525830505,0.09906000614201868,0.04781193323443566,357.8669989022597
2017-01-18 23:00:00,32.70066660333242,0.0938904261862401,0.04814933674587613,357.4927112384402
2017-01-19 11:00:00,31.90102727934996,0.08514613942466079,0.05375398350623265,354.8627196802682
2017-01-19 23:00:00,32.21247830044777,0.08624169911846574,0.054044347329844734,354.6277162358294
2017-01-20 11:00:00,33.48861896996163,0.08496773906968486,0.05289923053843972,354.07710223589544
2017-01-20 23:00:00,33.81569851689069,0.08607354409916011,0.053189453196174734,353.8462737711885
2017-01-21 11:00:00,34.11356308247747,0.08725853019762113,0.05347585415236158,354.55175061917834
2017-01-21 23:00:00,33.37908339066264,0.0892996589502664,0.05215683075467769,354.70115291244906
2017-01-22 11:00:00,29.647219359853167,0.0933077733091929,0.046234039529363814,352.79996727030306
2017-01-22 23:00:00,28.4843375694548,0.08820133064997773,0.04533786868187689,350.39523063361173
2017-01-23 11:00:00,28.74280851379527,0.08916329876428968,0.04565795293812409,351.2167360584888
2017-01-23 23:00:00,27.18116406962854,0.08796800922918206,0.04166002147676459,348.58135020152366
2017-01-24 11:00:00,18.015857295302915,0.07596784959083214,0.02754865959123509,347.1681967450653
2017-01-24 23:00:00,18.181950415777084,0.07661057681046184,0.027839803194625697,346.9313799438446
2017-01-25 11:00:00,11.191359634518424,0.09230659095161052,0.01723940706424881,346.8996523452605
2017-01-25 23:00:00,11.291734758166305,0.09254213795286068,0.01749865301864738,346.80113868932585
2017-01-26 11:00:00,11.395087486283105,0.09281891020038902,0.017596165742311206,344.8827381123949
2017-01-26 23:00:00,16.65340233269725,0.07838320976271507,0.016190635587844723,346.2430318980386
2017-01-27 11:00:00,16.836289017493783,0.07880376630732185,0.016301563966492558,344.39748610870527
2017-01-27 23:00:00,17.399000491779706,0.0863701436123633,0.018146254500795222,346.55939578271926
2017-01-28 11:00:00,17.592395733314714,0.08667428561964342,0.01827504481334948,344.76386048777675
2017-01-28 23:00:00,17.76659123035916,0.08289620844088373,0.03381606499109543,348.40560315407504
2017-01-29 11:00:00,17.971087387589566,0.08328623499366565,0.03395581308964565,346.7016153967962
2017-01-29 23:00:00,16.264648857624,0.0824178201878658,0.030879417287460475,349.96683422215153
2017-01-30 11:00:00,16.441358985141854,0.08288916530318091,0.031017457997567457,348.2627359934067
2017-01-30 23:00:00,15.575441750511848,0.07949094992740184,0.0299222372117911,350.70471936771895
2017-01-31 11:00:00,15.748187304960982,0.08005784011517716,0.03005640229643157,348.99833519389443
2017-01-31 23:00:00,16.715054250080307,0.08429819305628582,0.029021022003712933,351.8659803492802
2017-02-01 11:00:00,16.059981822315446,0.08268860187544017,0.030395089991395438,352.1008429811394
2017-02-01 23:00:00,16.226935332210388,0.08333721503177056,0.030679037225389862,351.59361823680274
2017-02-02 11:00:00,16.35874353882848,0.08621964762731098,0.03450491871910756,351.5902257317121
2017-02-02 23:00:00,16.52727120227737,0.08691559608045786,0.034788828233671125,351.0790624860756
2017-02-03 11:00:00,16.695218979272422,0.08750583428379483,0.03465215225138794,350.95563054318205
2017-02-03 23:00:00,16.86343297949217,0.08828384300139648,0.03494520442791597,350.4480754469853
2017-02-04 11:00:00,17.4882255677179,0.08773415253755487,0.03459570563661052,350.5462706701494
2017-02-04 23:00:00,17.663241108515464,0.088603367799962,0.03488672277195585,350.1057122212859
2017-02-05 11:00:00,17.610848470455394,0.08934597403959361,0.03537361449058467,350.24812365712125
2017-02-05 23:00:00,17.78351932305411,0.09029601133214979,0.03566716327004887,349.8076108045413
2017-02-06 11:00:00,18.371634035593235,0.0914254346426439,0.03563755133794481,349.5448251819947
2017-02-06 23:00:00,18.550051328163455,0.092454923622573,0.03593428861348598,349.09643819795895
2017-02-07 11:00:00,20.442650947808342,0.09767768140955717,0.03773287056159072,349.306098138493
2017-02-07 23:00:00,20.646111006073202,0.09856195748211348,0.03802183408786449,348.8671385363621
2017-02-08 11:00:00,20.99752669384362,0.09977269410777426,0.037966072041186794,348.9384871813172
2017-02-08 23:00:00,22.37358451311354,0.10268096686651547,0.03535101159546614,346.7709696279242
2017-02-09 11:00:00,22.859880129036927,0.1056599799133824,0.03179183675051165,345.0599523601409
2017-02-09 23:00:00,23.09988447365358,0.10630308832304933,0.03207567152261385,344.6170201487845
2017-02-10 11:00:00,23.266735515533625,0.10988329159005204,0.032283077430362676,343.732883672666
2017-02-10 23:00:00,23.44073706525295,0.11305600499157871,0.03276469383557025,345.2600118966159
2017-02-11 11:00:00,23.688013813498483,0.11363267499559473,0.032906433366385254,343.50337201919837
2017-02-11 23:00:00,26.064404468645932,0.11298539066546284,0.03306848931521011,347.5345199264857
2017-02-12 11:00:00,22.18710239619241,0.10869722244811486,0.026902643824634077,346.67804600719336
2017-02-12 23:00:00,22.41484495234815,0.10908526413793385,0.027207013769578965,346.15132746485006
2017-02-13 11:00:00,22.64297819230076,0.10950681285804827,0.02736732892794998,344.27702119966517
2017-02-13 23:00:00,22.141607226168617,0.09164266812222548,0.023203281591804556,341.54489565493446
2017-02-14 11:00:00,22.383512097243123,0.09221458830841321,0.02334670326601535,339.61843938522975
2017-02-14 23:00:00,26.361469486390185,0.07657957622545411,0.029803527647000283,343.97796980835636
2017-02-15 11:00:00,26.658299913326097,0.07719345754121153,0.029957073601979925,342.19783273442386
2017-02-15 23:00:00,26.958129905175127,0.07781395745188735,0.03011478325512205,340.41919820923323
2017-02-16 11:00:00,27.259362391257415,0.07843996420968317,0.03027217768687976,338.4161265989331
2017-02-16 23:00:00,27.002307685748818,0.07932080594966352,0.03205787380652191,347.32005978992777
2017-02-17 11:00:00,27.298158223607246,0.07984506198163624,0.03222163489896841,345.44442192879455
2017-02-17 23:00:00,27.595046244061415,0.08037814309928536,0.03239072474588566,343.5436758604929
2017-02-18 11:00:00,27.902885066560906,0.08091867168945469,0.03256453795804982,341.55986126591796
2017-02-18 23:00:00,31.090644294347822,0.07750934853111226,0.048071352602719386,351.08402494103643
2017-02-19 11:00:00,31.394331251554284,0.07796213310412628,0.04819404114453915,349.2477260887658
2017-02-19 23:00:00,28.98526644567296,0.06607955272710235,0.055982182456620615,350.30756114207134
2017-02-20 11:00:00,23.445154815517284,0.0679220932014051,0.055990316708475166,346.3154391445957
2017-02-20 23:00:00,23.709584933272048,0.06850422336534623,0.056278024718916256,346.14928078599917
2017-02-21 11:00:00,24.454291579751523,0.07007432101191967,0.05543280741139323,346.45951045761257
2017-02-21 23:00:00,26.39697998675936,0.07374863655410278,0.051743915626757925,344.9456964929921
2017-02-22 11:00:00,28.616702309685344,0.07607758014261883,0.06187056876493512,342.9247334170633
2017-02-22 23:00:00,28.946959111692365,0.07657065483546448,0.06214089202565969,342.7338492599279
2017-02-23 11:00:00,27.547796116134233,0.06735540073695201,0.05209763786213383,341.5003388650833
2017-02-23 23:00:00,27.209721934891824,0.0642627265455049,0.048742009116822256,342.74528124809996
2017-02-24 11:00:00,27.524924275017494,0.06480519953224984,0.04884761558393648,340.80711431208954
2017-02-24 23:00:00,50.08148724546191,0.031810263113592564,0.05933797891174467,330.99874979424715
2017-02-25 11:00:00,50.681357882601155,0.03253340493582494,0.05945566162776454,330.24805380877547
2017-02-25 23:00:00,27.30571689686452,0.08261640068162752,0.02734466710021623,328.663182750697
2017-02-26 11:00:00,33.36899280509853,0.06497638294070289,0.04168410900532302,328.52960074054073
2017-02-26 23:00:00,33.743830259565776,0.06523573154878778,0.04201215680899571,328.33808706115855
2017-02-27 11:00:00,36.19722938323166,0.0557313185451499,0.045299493518310065,333.39091556532776
2017-02-27 23:00:00,36.579614165578946,0.05610085079100231,0.04562957316318867,333.18519844911293
2017-02-28 11:00:00,35.27826876537247,0.05248065141052212,0.04254987084636874,333.408923272851
2017-02-28 23:00:00,33.10470792430362,0.04696136835409884,0.03821344743202862,337.2301182700353
2017-03-01 11:00:00,30.357314427509696,0.066497765071028,0.03221512441330822,336.219977850603
2017-03-01 23:00:00,30.626748242255214,0.06675308338051442,0.032576777930607446,336.03301202010255
2017-03-02 11:00:00,30.881021948967394,0.06704500466848495,0.032768707305497836,334.0529501749606
2017-03-02 23:00:00,36.12182127004163,0.07209945971440247,0.03311437716809719,333.61544092089093
2017-03-03 11:00:00,34.54993052543479,0.07403906245700162,0.03984515625883918,335.2031999946476
2017-03-03 23:00:00,34.82923240866862,0.07429970915692799,0.040192134732019706,334.9970928342342
2017-03-04 11:00:00,35.08229234844853,0.07459575818123719,0.04036788505215722,333.08553678021457
2017-03-04 23:00:00,34.67740223111887,0.07850263930047523,0.03956208163256162,338.00635331276584
2017-03-05 11:00:00,34.881075388283804,0.07880812420071272,0.03973217566958596,336.2270752503253
2017-03-05 23:00:00,32.330224121684836,0.07135132106623938,0.039555198396379575,340.2824291168443
2017-03-06 11:00:00,31.90400740609362,0.07042517171590885,0.03752582934493947,342.17374062969225
2017-03-06 23:00:00,32.00064920261617,0.07095078314231464,0.037859634580661085,341.9964649268093
2017-03-07 11:00:00,32.73638582556406,0.07000345039641985,0.037580060118389096,340.82773694175637
2017-03-07 23:00:00,33.263052968119624,0.06936836675778961,0.03765298858421619,342.07966934781246
2017-03-08 11:00:00,33.659771355274756,0.07247815497616224,0.041442916692977894,341.42682408060153
2017-03-08 23:00:00,33.83745657974512,0.07312603788297291,0.041752003441928386,340.950839010043
2017-03-09 11:00:00,33.9978998978325,0.07604999348545471,0.0433168743885681,340.18115673757103
2017-03-09 23:00:00,34.42491850395501,0.07673004638023619,0.04363117596535015,339.70203014346646
2017-03-10 11:00:00,36.94814002953682,0.0762341253764707,0.04338559548001,339.3328480771622
2017-03-10 23:00:00,37.89479395498776,0.07638329893294317,0.0434389610724832,338.5215034283259
2017-03-11 11:00:00,35.743051173912015,0.08077378025244757,0.04365145375965879,338.50798895489925
2017-03-11 23:00:00,35.915778396308674,0.08146568222828883,0.04395969861419243,338.032792421839
2017-03-12 12:00:00,36.147289824816845,0.08339192068076706,0.046248769669483665,339.2851865791669
2017-03-13 00:00:00,36.490040963291385,0.08412639538457237,0.04655483638757053,338.7051357217052
2017-03-13 12:00:00,36.89447842714819,0.08488931185005236,0.046718569870489064,336.7504499597778
2017-03-14 00:00:00,36.54529413706697,0.08448871283601354,0.04769363647449891,339.6007118515775
2017-03-14 12:00:00,36.99200863619997,0.08528905903145871,0.04785791329147464,337.66095077180614
2017-03-15 00:00:00,37.14701392896392,0.08654948723369853,0.04743521126408176,340.4470463563767
2017-03-15 12:00:00,37.57048101850711,0.08740267385776106,0.04761186861699244,338.6180921116832
2017-03-16 00:00:00,38.00441888353949,0.0936232852106438,0.05012848784220946,342.28076031404237
2017-03-16 12:00:00,38.12425721253502,0.09442145811060049,0.05029453145132022,340.4099587161902
2017-03-17 00:00:00,37.806870813220954,0.08878448516294973,0.05141822128723201,346.0322563444587
2017-03-17 12:00:00,38.25076730911961,0.08965545316151355,0.05158352621681831,344.21362682625903
2017-03-18 00:00:00,38.65199720050298,0.09053209178071528,0.05175441593281248,342.3497884186031
2017-03-18 12:00:00,37.76982288496309,0.09244339738357867,0.05050697763403754,344.39418212188406
2017-03-19 00:00:00,36.20312250758658,0.09127640394488007,0.04983046908928877,351.447854695477
2017-03-19 12:00:00,36.607352092490984,0.09216076396957668,0.05000018325679997,349.49858487142853
2017-03-20 00:00:00,35.71298126048141,0.08371316691470351,0.04543921510289291,351.48122649680244
2017-03-20 12:00:00,36.10950109253261,0.08464464129632285,0.04561023723952454,349.54733991689807
2017-03-21 00:00:00,34.99674675065581,0.07465619347553436,0.0483375131279467,351.50711306059617
2017-03-21 12:00:00,35.3923322216002,0.07674115228303241,0.05113798844731973,350.01976257628024
2017-03-22 00:00:00,35.59123327762647,0.07848967882817723,0.05370363234538809,351.28601854421487
2017-03-22 12:00:00,38.787515624556555,0.07348470020105512,0.058354861911877436,348.3453719435293
2017-03-23 00:00:00,38.83345170114912,0.07441184010508944,0.058697543654979235,348.12656225477156
2017-03-23 12:00:00,38.215342908773245,0.0770192741001281,0.05937156733780518,348.5157940780849
2017-03-24 00:00:00,34.78252940166084,0.08765410524780393,0.061646353492692825,346.88470334694836
2017-03-24 12:00:00,33.49647213115369,0.0929550869956678,0.05949438975594327,345.9476981435374
2017-03-25 00:00:00,32.44234704605292,0.09732491620507663,0.05803252948352884,347.7179597993963
2017-03-25 12:00:00,27.412301011127127,0.08926296774293926,0.05536816286585476,346.983369447462
2017-03-26 00:00:00,27.713465515121413,0.08979091560046142,0.05570575368094676,346.7835871182795
2017-03-26 12:00:00,28.021680727882078,0.09035672531548687,0.05587946157423967,344.8482822396991
2017-03-27 00:00:00,28.67863496688407,0.0870076934404347,0.050716129793764324,343.05245457370563
2017-03-27 12:00:00,29.006240650722642,0.08763247907588573,0.05089968674411625,341.0669215482472
2017-03-28 00:00:00,29.909900085396874,0.07385948306079006,0.0499334208650251,338.8911034344439
2017-03-28 12:00:00,30.26432679496273,0.07464109286446424,0.05012240350754072,336.8775356503696
2017-03-29 00:00:00,26.77888995263386,0.08026133813769852,0.052498913223004706,333.88862758687634
2017-03-29 12:00:00,27.095851202435313,0.08102719074491414,0.052693499857534375,331.94519621460654
2017-03-30 00:00:00,30.3453096911811,0.07648751331763365,0.05548493469367814,329.7354988214783
2017-03-30 12:00:00,30.716744179020335,0.07731345490002302,0.05567338484067639,327.7413457909356
2017-03-31 00:00:00,28.38735571278977,0.07628199108790924,0.05917867400598046,326.5956454426299
2017-03-31 12:00:00,27.851459593049423,0.0709811497444457,0.05846343302706138,325.6405268291542
2017-04-01 00:00:00,28.175581715583423,0.07190978870811243,0.05881024823134819,325.4038985259529
2017-04-01 12:00:00,30.745414318400748,0.06652440387116725,0.0625546897753916,324.2353650078328
2017-04-02 00:00:00,31.108704202793767,0.06752309033602501,0.0628912562114834,323.97264107955016
2017-04-02 12:00:00,29.165268644522033,0.07856303611436488,0.06511478463444278,322.6599441584093
2017-04-03 00:00:00,29.502869540504683,0.0793779620476527,0.06545313308745304,322.43305010811554
2017-04-03 12:00:00,28.018450693200858,0.07868039077188738,0.057445126146255486,322.0416357856421
2017-04-04 00:00:00,28.33872941869275,0.07941266075663884,0.05779011359323714,321.8183124924246
2017-04-04 12:00:00,27.707616046616582,0.07732642666860572,0.06479258421564757,321.858190795404
2017-04-05 00:00:00,28.016494526817485,0.07809745028144272,0.06512467382578867,321.6436749286593
2017-04-05 12:00:00,28.567279892158478,0.08212384922208223,0.06740838819426685,320.08599494694784
2017-04-06 00:00:00,28.885965842768034,0.08288519962705163,0.06773327430776459,319.5004479233298
2017-04-06 12:00:00,32.22370936252543,0.08577952359687147,0.07342832132517232,317.9963179603264
2017-04-07 00:00:00,32.52897065562148,0.08646926562984049,0.07374077416893972,317.389238382228
2017-04-07 12:00:00,31.115290934647636,0.08349836923556239,0.07304078325726034,316.41361990740063
2017-04-08 00:00:00,31.477428865969745,0.0842337561569759,0.07335350893461813,315.80644767945387
2017-04-08 12:00:00,31.8297186928955,0.08501233207357463,0.07368158820720179,316.4395804358756
2017-04-09 00:00:00,28.732120621761275,0.07445550424206578,0.06360951001521431,319.3941368349985
2017-04-09 12:00:00,28.65033624160771,0.0741206022979479,0.06285045378463648,320.1135594717262
2017-04-10 00:00:00,29.06618721178332,0.07408037265703214,0.06098925645451116,320.3189932452229
2017-04-10 12:00:00,30.595893166842203,0.08232395291690582,0.06046851257613084,319.43038128705064
2017-04-11 00:00:00,30.935582810330427,0.08305256572363456,0.06078020365414659,318.8364266569835
2017-04-11 12:00:00,28.57154896195597,0.08009454109636294,0.05584571959067383,317.7595638642959
2017-04-12 00:00:00,28.884141322493537,0.08088119937881386,0.05616877835845753,317.15822588316956
2017-04-12 12:00:00,29.19949953365216,0.08169609188547676,0.05634600604716139,315.10471988150357
2017-04-13 00:00:00,30.56245333878699,0.07915092197276773,0.055310852439303816,314.5433656301577
2017-04-13 12:00:00,30.902864560344636,0.08002982976176028,0.055493067293771625,312.59551692618544
2017-04-14 00:00:00,31.672091315676962,0.08336977544609768,0.05210473268371254,311.8952566983526
2017-04-14 12:00:00,32.02119862501224,0.08423530931466457,0.05228366296996295,310.35581184601637
2017-04-15 00:00:00,31.00438774377083,0.08457676072381003,0.0485938926121049,309.69529610990253
2017-04-15 12:00:00,31.354968524123205,0.08545789122956544,0.048813355153163596,308.89963269297357
2017-04-16 00:00:00,35.17437921756616,0.04720561500707701,0.06978972021419154,306.14387059172924
2017-04-16 12:00:00,35.56381727899621,0.048867183934308424,0.0697193339168068,305.32136726207455
2017-04-17 00:00:00,35.82392550554567,0.05073154347626257,0.06947869258462867,304.4940999676257
2017-04-17 12:00:00,35.455624632529066,0.054015918241233536,0.06813842871442732,303.81810986592416
2017-04-18 00:00:00,20.278815973308557,0.059695561973621074,0.06398277891274742,302.8758709697656
2017-04-18 12:00:00,21.101843976048198,0.06042154565126015,0.06428069433285367,302.0849869720942
2017-04-19 00:00:00,21.205949074816033,0.06388128582720148,0.05781491432700909,303.7684477693548
2017-04-19 12:00:00,21.511337095729605,0.06467333419189598,0.058032739854650295,302.9506483944424
2017-04-20 00:00:00,23.78232115916495,0.07776287155800722,0.06014965175487776,297.94452043292955
2017-04-20 12:00:00,22.58685003209138,0.07243981615451,0.05672931614043589,300.08594962701756
2017-04-21 00:00:00,23.012163718088477,0.07328537025203771,0.05701916125465694,298.8137671308642
2017-04-21 12:00:00,23.292043924467126,0.07393904406951429,0.057232344396442474,297.8385344483342
2017-04-22 00:00:00,25.045144022447843,0.07045664590876531,0.04970810983971762,298.0013078524344
2017-04-22 12:00:00,25.36413815107227,0.0711278344601805,0.049943468041543725,297.2304916569206
2017-04-23 00:00:00,28.299184364611488,0.0784239610269207,0.055946360160008514,295.7944870655178
2017-04-23 12:00:00,27.08933927191637,0.07974974787095251,0.05715765536303439,295.20307738616503
2017-04-24 00:00:00,27.464323044897043,0.0802715515802816,0.057477650800731826,294.47080623839076
2017-04-24 12:00:00,29.462429166630354,0.07420209100501926,0.06125693267758726,294.7172527945707
2017-04-25 00:00:00,29.88294518206683,0.07491670498292446,0.06153722674529809,293.03599935244534
2017-04-25 12:00:00,31.075484451796648,0.06141156066963383,0.06884640322741607,294.7506974527813
2017-04-26 00:00:00,31.528772197356535,0.06015184437115003,0.07009980145359643,294.3354827029798
2017-04-26 12:00:00,31.657355782435374,0.060891182812648215,0.07048180695710174,293.7598091267869
2017-04-27 00:00:00,18.895207449158388,0.06421644751861556,0.08119990536777043,301.03698378175756
2017-04-27 12:00:00,19.150572512281048,0.06463112596366129,0.08137531775343727,300.2558598782284
2017-04-28 00:00:00,19.944894312576785,0.06454890928391534,0.08022342348035784,299.3538615154809
2017-04-28 12:00:00,20.486798689587623,0.06474205955450518,0.07975761121555318,298.5844423346341
2017-04-29 00:00:00,33.20012776544552,0.03887572643928409,0.047513496157906454,298.74195331918344
2017-04-29 12:00:00,33.2656901584589,0.04039494724335538,0.04889878003817004,297.829355890039
2017-04-30 00:00:00,44.15923488453455,0.042210118819651955,0.05482644565896743,294.8380280898011
2017-04-30 12:00:00,44.794630200780915,0.042919031574368084,0.05515455246273375,293.91482733989477
2017-05-01 00:00:00,43.705261943272994,0.05380434835114176,0.05916514688658676,292.06973700820924
2017-05-01 12:00:00,44.2400826995797,0.05440896200335751,0.05950004405106412,291.19112415393704
2017-05-02 00:00:00,39.121866401714115,0.0663769801200707,0.06261784232305531,289.4970333670104
2017-05-02 12:00:00,39.4998146745025,0.06685843843217747,0.06291990470775527,288.5921588318912
2017-05-03 00:00:00,39.49917524393168,0.07067204976263833,0.06525233897575002,287.3122939414472
2017-05-03 12:00:00,39.23444447877618,0.06919326459525643,0.0685851288360417,286.85265298073233
2017-05-04 00:00:00,38.4788986355129,0.0696606779976592,0.06970444788740249,285.68181096163147
2017-05-04 12:00:00,37.33053143690088,0.07019953942785531,0.07403997311166853,285.3548615957345
2017-05-05 00:00:00,35.07699147507002,0.07058319329560922,0.07573584916188779,278.5176581930301
2017-05-05 12:00:00,35.42547148774367,0.07108631677432678,0.0759898051683678,277.7081243173104
2017-05-06 00:00:00,25.870181250629187,0.06833421870900723,0.05457206980582421,289.4493590178682
2017-05-06 12:00:00,26.50847392814961,0.06783050676065643,0.05506273368183425,289.5152030777075
2017-05-07 00:00:00,27.50261052719022,0.06745676510309814,0.05614170616929317,289.05198848152355
2017-05-07 12:00:00,43.6323183130119,0.07000467950283265,0.0306020287682898,291.9462288114526
2017-05-08 00:00:00,43.77224201207031,0.0697826392514374,0.03268747505151375,291.4552130989788
2017-05-08 12:00:00,34.47028245718074,0.04763196647762493,0.033286241530713925,293.4517347902763
2017-05-09 00:00:00,35.042860735901904,0.04862973403599489,0.03467086531781768,292.47282897913993
2017-05-09 12:00:00,28.809860871426057,0.05620092736236051,0.0571558761567443,293.7135105896015
2017-05-10 00:00:00,29.6025315242045,0.056406088895874486,0.05685841388637265,292.11426549752775
2017-05-10 12:00:00,25.103519124338522,0.04982215782416394,0.05678548575522599,292.8360768937964
2017-05-11 00:00:00,25.8087834628495,0.05053530579614489,0.05727251552359919,291.2627785275215
2017-05-11 12:00:00,26.24076826387049,0.050840649902951826,0.057448168776054666,290.4840348050847
2017-05-12 00:00:00,31.159087052500592,0.03962533087057508,0.06046479975879744,289.8465813453447
2017-05-12 12:00:00,31.52939093099301,0.04004035103982405,0.0606255550640934,288.9485049712615
2017-05-13 00:00:00,30.967829666353452,0.058591447078221386,0.05592735875626367,286.9223124379799
2017-05-13 12:00:00,31.279251990544942,0.058668568126366456,0.056122516940610115,285.91928543337724
2017-05-14 00:00:00,25.26721290972739,0.058059207644021275,0.05595353849768702,287.7157728017443
2017-05-14 12:00:00,25.711187300813492,0.05831117963488671,0.056043728500075336,286.63966291628174
2017-05-15 00:00:00,25.763257913901032,0.07404647530975797,0.0429997492245314,288.27134685471145
2017-05-15 12:00:00,26.216225760070635,0.073910824867703,0.043232627118199037,287.20057599379095
2017-05-16 00:00:00,29.57583542187054,0.0944655530201456,0.03406628898018732,286.88639109855444
2017-05-16 12:00:00,30.1038719252665,0.09392429116562888,0.03432374415850681,285.87846047616745
2017-05-17 00:00:00,27.45179852245189,0.08509916219688629,0.034163779690167394,284.90449440168874
2017-05-17 12:00:00,24.73381408287036,0.08389200480864918,0.037930840453453234,283.98294535608477
2017-05-18 00:00:00,25.301191758466796,0.08372701424144365,0.03811975491075715,283.2856845653936
2017-05-18 12:00:00,25.216870803893887,0.07899843362471469,0.042387545041407834,281.90321246118873
2017-05-19 00:00:00,25.662671514715207,0.07917672190870849,0.042551370950742184,281.1981465984202
2017-05-19 12:00:00,26.757579281332934,0.07503804697824991,0.04325701933233416,279.65225464575474
2017-05-20 00:00:00,27.159789706129263,0.07536261891939693,0.04357644888204117,278.9543678346441
2017-05-20 12:00:00,26.76981729358857,0.07856990310700389,0.04304192163801627,277.71728010026203
2017-05-21 00:00:00,27.220254053303716,0.0785691223080546,0.043418966439157526,277.02502710636264
2017-05-21 12:00:00,27.615714042970016,0.07877641588045525,0.04367430431102836,276.0679322934658
2017-05-22 00:00:00,32.07672028932394,0.08330173759686478,0.038957763845076605,274.7735052796704
2017-05-22 12:00:00,31.975594625574995,0.08393987120158801,0.037212243698722405,274.3045507766602
2017-05-23 00:00:00,32.34375207280999,0.08376643709211364,0.03788610874676057,273.1879953226609
2017-05-23 12:00:00,32.82811027532361,0.0839391834941571,0.03814058748052377,272.13849866233454
2017-05-24 00:00:00,30.364905668092277,0.10998219201046033,0.032700577122475594,272.7370757205246
2017-05-24 12:00:00,30.837137378247416,0.10939802479396606,0.032957597766600545,271.5774777602126
2017-05-25 00:00:00,27.735764185205262,0.08300251381196525,0.04271975223726227,273.2483741031785
2017-05-25 12:00:00,28.211345357724415,0.08289318439370702,0.043062541023811275,272.0743460198998
2017-05-26 00:00:00,33.92582806522015,0.02989039913462122,0.04732806484099005,280.1910163180249
2017-05-26 12:00:00,34.31682512681156,0.031193839293202075,0.04684619943294886,279.098329005362
2017-05-27 00:00:00,25.48208508443332,0.06095002793288801,0.018869872864884,281.615831408838
2017-05-27 12:00:00,26.041079418181887,0.060644325085624805,0.019123130054543105,280.4679794434896
2017-05-28 00:00:00,38.17142478821255,0.06547233245603362,0.02708021321603442,278.71171802780844
2017-05-28 12:00:00,38.93318419407945,0.06516669277113214,0.027311463824402877,277.38538140361635
2017-05-29 00:00:00,35.55713422212866,0.09871253651752039,0.03679638832406316,274.55855735431487
2017-05-29 12:00:00,36.229991344126745,0.09775906794595093,0.03710346245075999,273.29437190245886
2017-05-30 00:00:00,36.17512680860462,0.10360312354015132,0.03602144061680974,270.5813175760322
2017-05-30 12:00:00,36.814427830380765,0.10252061584600211,0.03628255089674096,269.32120684042894
2017-05-31 00:00:00,36.802292896402726,0.08723457981951611,0.04551489544174813,267.7383618591429
2017-05-31 12:00:00,37.37715800355929,0.08679867752953103,0.0457894779183539,266.5001929163644
2017-06-01 00:00:00,38.443831237668675,0.08457534757843112,0.03956328010354448,264.9320390851238
2017-06-01 12:00:00,37.325739390318155,0.07915071221918221,0.035454703902027145,263.60773110377386
2017-06-02 00:00:00,37.735174019850355,0.07892103404642205,0.03572083927554802,262.11188925846034
2017-06-02 12:00:00,35.83350882379214,0.07200462393463308,0.041840307476304704,261.0690031368088
2017-06-03 00:00:00,36.02908304230851,0.07201078973266209,0.042110350101056286,259.59895141409953
2017-06-03 12:00:00,35.52902762921282,0.0713026121210639,0.04204526283820352,258.68620411719104
2017-06-04 00:00:00,36.1960212164518,0.07133625405159218,0.04212651814024774,256.82909329708275
2017-06-04 12:00:00,35.65616523611486,0.07478023885418059,0.04412599037507114,255.94524137932422
2017-06-05 00:00:00,36.335852427421194,0.07478718550450189,0.04441544129776424,254.75887747410204
2017-06-05 12:00:00,35.962786406410714,0.07829763166439835,0.046149591934673585,253.82336128849525
2017-06-06 00:00:00,36.59773225551355,0.07828235906309379,0.046449904177957906,252.65137714997903
2017-06-06 12:00:00,37.2270019166047,0.07829412312403268,0.04674551458480947,251.39109363177718
2017-06-07 00:00:00,37.86345998421239,0.07831995129394699,0.04704367083947815,250.22800582856524
2017-06-07 12:00:00,38.50325182628359,0.07835124043997387,0.047358283652805276,249.09034564108805
2017-06-08 00:00:00,39.156973885792,0.07848686096101919,0.04722316297286278,247.86749506035508
2017-06-08 12:00:00,36.42575044680537,0.06809700745582026,0.0427507185952179,257.8740632576298
2017-06-09 00:00:00,37.294883899953504,0.06969462486175355,0.043934587333345744,254.67114594061437
2017-06-09 12:00:00,33.43868719223648,0.06759645262716583,0.0498388604808026,256.63579168696947
2017-06-10 00:00:00,34.098091421924536,0.06768727435501964,0.05024076092675387,255.393403266919
2017-06-10 12:00:00,33.45252338004256,0.07367384168458786,0.04576787912008401,256.12017127425133
2017-06-11 00:00:00,34.067924733428036,0.07356883700025646,0.046183117493072204,254.8901616194051
2017-06-11 12:00:00,32.601460055702006,0.07406837262713602,0.0454642700093402,254.66386723683752
2017-06-12 00:00:00,33.159599497616064,0.07396298986879274,0.045876022483906036,253.44478428028788
2017-06-12 12:00:00,32.30781520316907,0.07700299090022679,0.0462201013233718,252.7030168183995
2017-06-13 00:00:00,32.83042693755345,0.07688677064976714,0.04662233001792316,251.48992811920988
2017-06-13 12:00:00,32.81213264754593,0.0774797335327991,0.04725123098975114,250.51569311473958
2017-06-14 00:00:00,33.3133037330301,0.07739107497556699,0.0476622032092785,249.3025092260529
2017-06-14 12:00:00,33.803843684448076,0.07733282234159583,0.04806128752033482,248.23337425933198
2017-06-15 00:00:00,34.30449537206284,0.07729334034803485,0.048488461411294884,246.8679175624572
2017-06-15 12:00:00,34.81109038805249,0.07726491220105569,0.04892711713264113,245.66733447130107
2017-06-16 00:00:00,35.356467076707766,0.07734609242191817,0.04930077735605095,244.01434198756695
2017-06-16 12:00:00,35.914274677679764,0.07747299318785039,0.04963709758883487,242.63300072329835
2017-06-17 00:00:00,29.06993280264146,0.09015841845147847,0.051527013444154446,247.00155482735414
2017-06-17 12:00:00,29.803488634877322,0.08930254083041717,0.051943895793049255,245.4468917401704
2017-06-18 00:00:00,21.60059728111343,0.09827173874870039,0.0502572145770047,250.6604448800845
2017-06-18 12:00:00,22.09524806289181,0.09719698223911759,0.05054643741354128,249.1430587202625
2017-06-19 00:00:00,22.719626746581568,0.09601181964104488,0.05078843119316386,247.79012950158747
2017-06-19 12:00:00,24.177579593287987,0.09385842023971346,0.05057306823974353,246.54961136235667
2017-06-20 00:00:00,54.68657653353276,0.057965224731307066,0.0343202260590095,248.79773971113062
2017-06-20 12:00:00,54.67989689351687,0.058991972862641066,0.035202512966072685,246.91105338197968
2017-06-21 00:00:00,36.42881567886368,0.11069019456768185,0.03509611245843849,244.63793573720633
2017-06-21 12:00:00,37.61083979220795,0.10725136113771101,0.035177151998655766,242.9248194498637
2017-06-22 00:00:00,41.67687302139928,0.08806764910331813,0.030488850503203515,243.0919001623694
2017-06-22 12:00:00,42.68436620061623,0.08695727883230857,0.030884430891295517,241.177525373786
2017-06-23 00:00:00,40.79900553616563,0.07993373640865412,0.044694298991757135,240.0949000901929
2017-06-23 12:00:00,42.474580653223775,0.07884486952629671,0.04050554492016037,240.14599217562005
2017-06-24 00:00:00,43.31397919847503,0.07820569581075551,0.041421246854016956,236.72330984400196
2017-06-24 12:00:00,42.826754485269944,0.07623190605572512,0.036171062528169685,237.17311601186393
2017-06-25 00:00:00,43.578650263986354,0.07580108670245703,0.03655254463890519,234.89929817687423
2017-06-25 12:00:00,41.37829044980558,0.08997569549313322,0.042772507693867916,235.7763125659846
2017-06-26 00:00:00,41.92860012861631,0.08905504459400158,0.043150123682368154,233.59709779072858
2017-06-26 12:00:00,41.02748025044526,0.09608797894712984,0.04229475926050007,234.72328096208335
2017-06-27 00:00:00,41.326461023667534,0.09501611970790953,0.04269380528874011,232.6421222858414
2017-06-27 12:00:00,39.15485017546019,0.09121746525226777,0.04381112174071582,233.68857739042144
2017-06-28 00:00:00,40.1290664109351,0.08985825277956057,0.04451420393329554,229.95677716282776
2017-06-28 12:00:00,40.006718801478705,0.08809759328748343,0.04375861162615684,230.30277941178863
2017-06-29 00:00:00,40.79519493836626,0.08743267101488443,0.04417430934580085,228.30646460906823
2017-06-29 12:00:00,40.979551404990445,0.08605413875253341,0.044781278032910106,228.07408690125405
2017-06-30 00:00:00,41.714398498214294,0.08548272186059919,0.04519649205689143,226.05538385846904
2017-06-30 12:00:00,42.51127537015726,0.08595184654985236,0.04500984877327613,222.41025220695644
2017-07-01 00:00:00,43.202375175699224,0.0853817511057243,0.045443479996431786,220.64410512879124
2017-07-01 12:00:00,43.45644562304455,0.08434885041615194,0.045180885912333615,219.71590019031717
2017-07-02 00:00:00,44.11322688101422,0.08386318410372966,0.04562126191645259,217.97181139248022
2017-07-02 12:00:00,44.80501339574885,0.08263321310992819,0.04625266871509505,216.53211795073648
2017-07-03 00:00:00,45.44253519615484,0.08223774362328767,0.046693726647195566,214.52393081048857
2017-07-03 12:00:00,45.96064787026567,0.08175639204142622,0.047299408728242384,212.94545099893153
2017-07-04 00:00:00,46.571065814857235,0.08142804298566529,0.047749179722951667,210.95225821407035
2017-07-04 12:00:00,47.091718821880555,0.08112576868651462,0.04824716159337322,209.29442670055008
2017-07-05 00:00:00,47.68771320747314,0.08085541988000036,0.04872082887991563,207.8049858111357
2017-07-05 12:00:00,48.23304852997067,0.08047128809932602,0.04920034026712436,206.66722404834223
2017-07-06 00:00:00,48.81593565521906,0.08027185211225545,0.049684450352065174,205.29117020198925
2017-07-06 12:00:00,46.11963822346419,0.07698774742496968,0.048564709862926166,210.9396722110031
2017-07-07 00:00:00,46.68622502681752,0.07696339458596035,0.049017362521585325,209.56237607337494
2017-07-07 12:00:00,47.25372940839078,0.07696355813015972,0.049483370642799604,208.24409381738056
2017-07-08 00:00:00,44.40299097381419,0.06971572407592695,0.04736672177259039,233.6830216065726
2017-07-08 12:00:00,45.02390182086666,0.06982827791840558,0.047819726826506995,232.09994797399926
2017-07-09 00:00:00,38.855919521350934,0.0597539442500656,0.03593516312354136,235.8780402192536
2017-07-09 12:00:00,39.75697364158001,0.07709440172440596,0.04011030186226172,240.91728804161272
2017-07-10 00:00:00,40.3343216169762,0.07698953817867739,0.04053764762912474,239.44836939565545
2017-07-10 12:00:00,35.064849762845384,0.0783276774381443,0.04058170370001716,242.85453612529435
2017-07-11 00:00:00,35.735048428547536,0.07813728120084464,0.04102610754368296,241.44284194318942
2017-07-11 12:00:00,37.73260108990986,0.07417957567051327,0.04203375317859683,243.32768308111113
2017-07-12 00:00:00,38.214694901949066,0.07408650711531216,0.04249017749134633,242.3709086139005
2017-07-12 12:00:00,36.91236534601741,0.07410471042922992,0.043748540384189155,243.33231024633082
2017-07-13 00:00:00,37.590760468392965,0.07415248938218678,0.044209841781399986,242.40291151079165
2017-07-13 12:00:00,37.682020215615836,0.07108269589167196,0.04754080367262272,242.6810983949096
2017-07-14 00:00:00,38.33215517761972,0.0712701161742444,0.04800392690339817,241.76751801974683
2017-07-14 12:00:00,38.182500603778024,0.0734757051292562,0.04754034837395039,241.69935981502613
2017-07-15 00:00:00,38.80866790400313,0.0736939554011052,0.048007434308310004,240.80008158095006
2017-07-15 12:00:00,38.87567597640861,0.07384016497535462,0.04923623486642558,240.49239027024703
2017-07-16 00:00:00,39.475461036180675,0.07415292431519194,0.049711855128132525,239.597595183369
2017-07-16 12:00:00,40.16068711706283,0.07540541560180412,0.05057179866741713,236.34292850447036
2017-07-17 00:00:00,40.73383395736826,0.07573986659436406,0.05104928072725181,235.5103022535422
2017-07-17 12:00:00,41.056988563598615,0.07653924537608678,0.050979981146526694,235.0930974362865
2017-07-18 00:00:00,41.608995484126524,0.07695180238547608,0.05146348160024099,234.26665283949112
2017-07-18 12:00:00,42.08862840071123,0.07706770598766167,0.05215787139096719,233.758043058397
2017-07-19 00:00:00,42.62708871009878,0.07756562149348814,0.05264318961489111,232.94192545556174
2017-07-19 12:00:00,43.14742698185016,0.07815345578939455,0.05305957540560695,231.55916842861976
2017-07-20 00:00:00,43.65855016951821,0.07879240620504838,0.05347137311421711,230.2359271114228
2017-07-20 12:00:00,44.11327059181419,0.07955228241591404,0.05373740384326295,229.2241536376647
2017-07-21 00:00:00,34.18305656309873,0.07075973736283933,0.04481275578745294,246.16567613186317
2017-07-21 12:00:00,27.627267320576312,0.06510262650873337,0.047061784325362704,249.1768816205827
2017-07-22 00:00:00,29.148877657422048,0.06670270894932658,0.047360731983380235,247.59291280071443
2017-07-22 12:00:00,25.116708198460657,0.07018810761923865,0.04852506642180096,249.07167560514915
2017-07-23 00:00:00,25.535871701916765,0.07068645578768469,0.049024887064573294,248.22873244296244
2017-07-23 12:00:00,23.042263522047456,0.07557777626834482,0.04651692484291891,248.93266138178936
2017-07-24 00:00:00,23.413847814556586,0.07614100056705886,0.04704802823942161,248.09232501080655
2017-07-24 12:00:00,26.17360761943277,0.07288981237409567,0.04804669619152962,247.9931588877788
2017-07-25 00:00:00,26.62309655549142,0.07361356109261358,0.048589518815796276,247.13763168463663
2017-07-25 12:00:00,27.06441106864659,0.07448244579404131,0.049072766676664686,245.57547665822318
2017-07-26 00:00:00,29.261326657243345,0.09760487386707302,0.04600040554432046,249.92248536850153
2017-07-26 12:00:00,29.84487533388052,0.09773647043077933,0.04647989202327921,248.54588113813847
2017-07-27 00:00:00,31.425777303907573,0.11504526497768537,0.04250556997995621,250.96467876704472
2017-07-27 12:00:00,32.90527705195341,0.10479740274622489,0.05020679639110221,252.85304330189368
2017-07-28 00:00:00,33.56910945271993,0.10424800008866557,0.05070290682895992,251.9069040487281
2017-07-28 12:00:00,31.0138166886157,0.09037493635111354,0.051822304380458636,253.5477655513638
2017-07-29 00:00:00,31.68621973651879,0.09044995164142612,0.052313673433091006,252.61091751881276
2017-07-29 12:00:00,26.884034177326193,0.09261310366339873,0.04653493061981058,254.3626711896257
2017-07-30 00:00:00,27.431777985944212,0.0926084294066686,0.0470011619303167,253.46100616154067
2017-07-30 12:00:00,28.377116227183652,0.11084950073249213,0.046412046710071944,254.89840422677275
2017-07-31 00:00:00,28.948386116343737,0.11024242528868537,0.046888185857143355,253.96269825415433
2017-07-31 12:00:00,27.283819654970248,0.10700942031918154,0.04462656237844658,255.34385678398513
2017-08-01 00:00:00,27.79789170664198,0.106604732496895,0.04511580493034069,254.42776253218335
2017-08-01 12:00:00,27.407637708674514,0.10336773416935248,0.04532196652927493,250.85877497059096
2017-08-02 00:00:00,27.87806535785866,0.10310698640143985,0.04581324973134004,250.02296534828963
2017-08-02 12:00:00,27.947381176509595,0.10011490303554936,0.046763714901438824,250.19391294070994
2017-08-03 00:00:00,28.402767975165087,0.10005033472195067,0.047246319900996724,249.3847709509283
2017-08-03 12:00:00,28.28543319506923,0.09920812639748902,0.04982340152582598,250.90666099453819
2017-08-04 00:00:00,28.830255509937935,0.09907829644782189,0.05024619859624739,249.47786364781902
2017-08-04 12:00:00,28.994686882349665,0.09472378362818504,0.05217857793074896,250.1773374943377
2017-08-05 00:00:00,29.52038321043507,0.09499564222834385,0.052622544536108914,248.84963033809157
2017-08-05 12:00:00,30.228700190350555,0.09311883863573066,0.050691471703324484,248.69608742059867
2017-08-06 00:00:00,30.703774470338153,0.09338128120323547,0.051175329299574794,247.85037295157449
2017-08-06 12:00:00,31.866471285325645,0.09092401792219597,0.05172614463644719,247.83796771153
2017-08-07 00:00:00,32.35624255381445,0.09135062753976772,0.052202261322589254,246.98295089027286
2017-08-07 12:00:00,32.68420813984744,0.08863475086788507,0.05075985755902437,246.74957297547783
2017-08-08 00:00:00,33.16454013084407,0.08917673352975643,0.05120606287162983,245.12064729879242
2017-08-08 12:00:00,33.63017055298235,0.08978399439164525,0.05163133230515631,243.86192368575166
2017-08-09 00:00:00,34.923561189107104,0.07054841072697995,0.043334676333840104,248.58035278617703
2017-08-09 12:00:00,28.343480029430292,0.058642718477851255,0.032081122958775646,253.35757499927988
2017-08-10 00:00:00,29.9989822498536,0.06167025307963527,0.034360678497338364,251.02521307750706
2017-08-10 12:00:00,26.87990320267044,0.0759661789444668,0.040840554277246116,253.5857684722916
2017-08-11 00:00:00,27.35138280491042,0.07649547077448761,0.041237899768128,252.20298508987972
2017-08-11 12:00:00,25.123911203347348,0.07541095556188422,0.045034268907765226,253.85365275591843
2017-08-12 00:00:00,25.545648623824572,0.07597177392861965,0.04539705694610785,252.47908612549733
2017-08-12 12:00:00,25.163640975124824,0.07227719762051205,0.04126799046725458,253.1901869022854
2017-08-13 00:00:00,25.581713599099917,0.07291111576380507,0.04163803225361302,251.8344853638382
2017-08-13 12:00:00,24.086990383103846,0.06862726045470553,0.04448170677215173,251.90855371130982
2017-08-14 00:00:00,24.472145982653295,0.06953008163532481,0.044861611227570077,250.55494639310595
2017-08-14 12:00:00,25.94722355380885,0.07286177220841869,0.04351214229142548,250.16393982291612
2017-08-15 00:00:00,26.36728085608261,0.0736958371635767,0.04389613410331883,248.79924791137353
2017-08-15 12:00:00,27.418617092726606,0.07161467883753594,0.04865674008937333,248.63807037163716
2017-08-16 00:00:00,27.858184624896595,0.07246770362733543,0.049022128823535835,247.26699195736145
2017-08-16 12:00:00,27.25138896312463,0.07674595668018139,0.05048225139326309,247.07550474520409
2017-08-17 00:00:00,27.6715352426562,0.07749285373060219,0.050860708386223454,245.70490054082393
2017-08-17 12:00:00,27.96610496875765,0.07675915955205488,0.05330454316588295,245.10260421862657
2017-08-18 00:00:00,28.386977689348626,0.07754618905215065,0.053671166085433375,243.70956015868177
2017-08-18 12:00:00,28.54488487659554,0.08157024733547769,0.049785496825245565,243.80678384474345
2017-08-19 00:00:00,28.984345804988184,0.08229609224063315,0.05015550867304057,242.39262138513902
2017-08-19 12:00:00,28.61261916776076,0.08348618520697809,0.04804222907141403,241.90480573545284
2017-08-20 00:00:00,29.0397702025469,0.08415839340001832,0.04842516387641329,240.4804864061225
2017-08-20 12:00:00,30.11679873606879,0.08342156234868855,0.04878123717642124,239.8729722851564
2017-08-21 00:00:00,30.56185355513592,0.08414188468879437,0.04916280137613757,238.44059374326088
2017-08-21 12:00:00,30.48602083227189,0.0854213033018283,0.04903182260158019,237.70291972445352
2017-08-22 00:00:00,30.913039784215847,0.08611985563876491,0.049414792937099355,236.27696859804124
2017-08-22 12:00:00,31.452992960271025,0.08768413085198838,0.04947919547170345,231.08876995743418
2017-08-23 00:00:00,31.861765266085648,0.0883547264989358,0.04986356643562991,229.45595409725559
2017-08-23 12:00:00,31.84505022364048,0.08886275312695513,0.04979091286942608,228.22432874180518
2017-08-24 00:00:00,32.23888033639505,0.08955784786257187,0.050175489525897676,226.60157372452724
2017-08-24 12:00:00,32.70971455315156,0.09076527817185909,0.050254932166962744,225.33919968812225
2017-08-25 00:00:00,33.66340313815755,0.09034348569274489,0.051347418569752556,218.9289620097533
2017-08-25 12:00:00,34.079886489374424,0.0906175374223464,0.05216822026659656,217.84089993195727
2017-08-26 00:00:00,34.45414578332034,0.09137906411574005,0.05257077102159323,216.43322549722865
2017-08-26 12:00:00,34.78991042708616,0.0926537426060281,0.05274820356631078,215.29638254323405
2017-08-27 00:00:00,35.61302905488541,0.0919391779269422,0.05376908450724037,209.2684513860817
2017-08-27 12:00:00,35.91260545476554,0.09257144518237201,0.05400624397281178,207.59075130818337
2017-08-28 00:00:00,36.26709494643683,0.09342421482978065,0.05440448937133103,205.71737669939216
2017-08-28 12:00:00,36.681326961846565,0.09408199664947575,0.054691372309345496,203.9981381601762
2017-08-29 00:00:00,37.02399174681071,0.09493346190744245,0.05509326236522706,202.13609772360473
2017-08-29 12:00:00,37.383398054854744,0.09568155743612428,0.05551661889958854,200.3985869143831
2017-08-30 00:00:00,37.72132748453498,0.09652621765475163,0.05592148783237219,198.54702679022319
2017-08-30 12:00:00,35.97202000969102,0.09498575505038769,0.053181263033997055,202.93131545786443
2017-08-31 00:00:00,36.293756227167655,0.09590724649012337,0.053581120573097586,201.07605340726522
2017-08-31 12:00:00,36.116198362401384,0.09814454925197179,0.048091661560632784,208.33016941171272
2017-09-01 00:00:00,36.534101002677005,0.09871988507726345,0.048783610710997,206.19702075367502
2017-09-01 12:00:00,37.67010928060133,0.1035603747875464,0.052471872390096166,210.37050944220826
2017-09-02 00:00:00,38.08596308394308,0.10376357913659222,0.052814789604079274,208.31275967472712
2017-09-02 12:00:00,37.55568655162147,0.10267931153489121,0.05085945737724863,213.601233183134
2017-09-03 00:00:00,37.99188494448301,0.10315256944702604,0.05125359142834594,211.7270155032941
2017-09-03 12:00:00,37.91133436209859,0.10230572317279,0.05035968243981915,212.13598395938874
2017-09-04 00:00:00,37.877495405957944,0.10164050901480778,0.0495964183464066,212.3767096803115
2017-09-04 12:00:00,37.37474634026805,0.10100822153320865,0.04572933787748382,219.66595047596877
2017-09-05 00:00:00,37.43496368087054,0.10034139972395956,0.045180446920897385,219.10277971289736
2017-09-05 12:00:00,37.14517877738537,0.097833745945654,0.04729060401093583,222.34564971268634
2017-09-06 00:00:00,37.59262030353547,0.09835602197856698,0.047650175552400885,220.51348118893245
2017-09-06 12:00:00,37.92481835853571,0.10065528181725548,0.04943293372799452,221.95875372315646
2017-09-07 00:00:00,38.39016055332008,0.10106685657077796,0.04978662015803083,220.12026687286564
2017-09-07 12:00:00,37.023483136767624,0.10070364218170745,0.040366822961671316,231.4021922804856
2017-09-08 00:00:00,37.52778931925052,0.10085315582701646,0.04073496554329444,229.9474326579549
2017-09-08 12:00:00,37.84039053419087,0.09962155066414617,0.040867684527219506,224.75808038797666
2017-09-09 00:00:00,38.869548846406616,0.09874496038769404,0.04313147698575925,216.39281986538404
2017-09-09 12:00:00,39.469307043398224,0.09739565867734624,0.04644556821633563,207.79644201748374
2017-09-10 00:00:00,38.5661350706679,0.09786292016609499,0.04595119027474048,208.0753546761119
2017-09-10 12:00:00,38.88994137182689,0.0998740054512323,0.04633203919494192,209.8271641116266
2017-09-11 00:00:00,39.24954736721747,0.1017500582856423,0.046709707742414834,211.42753796716613
2017-09-11 12:00:00,39.141090147595044,0.10384168872324696,0.0468063368040633,212.0780769456307
2017-09-12 00:00:00,39.07086139184935,0.10594818035652649,0.04694379541298498,212.59264890660035
2017-09-12 12:00:00,38.989320510041644,0.10864606725830496,0.04728624217708431,212.54789447776028
2017-09-13 00:00:00,31.547344179710315,0.1066013775329472,0.051659678342156456,228.5410572419487
2017-09-13 12:00:00,35.371144159290246,0.11083346944500251,0.05017498878170295,219.62551688870911
2017-09-14 00:00:00,35.35710894315128,0.11246736807757982,0.05058181047585434,219.40226873683594
2017-09-14 12:00:00,32.69420992361236,0.10364498807106494,0.05056712882810593,224.35027334316555
2017-09-15 00:00:00,33.03645883948478,0.10574217074669258,0.05094284155155399,223.02965542808053
2017-09-15 12:00:00,32.37197656007192,0.10633180077885108,0.05168850246820914,226.25266727009753
2017-09-16 00:00:00,32.61981862679056,0.10792329990861345,0.05212464886449613,224.91283224169328
2017-09-16 12:00:00,32.55330086888608,0.10651498734595978,0.05447587624037187,226.22896591575622
2017-09-17 00:00:00,32.804515268609904,0.10802162951133609,0.054875057894140246,224.49006399364683
2017-09-17 12:00:00,32.364918361739846,0.10871856822582547,0.056723708677317415,224.69764613021968
2017-09-18 00:00:00,32.53854996794541,0.1102655537342259,0.05715662041902429,222.83986983462282
2017-09-18 12:00:00,32.29995192424564,0.11132601438005227,0.05749005693485226,222.27269619673433
2017-09-19 00:00:00,32.64423957090511,0.11282801526309542,0.0578461446417521,220.56238386097527
2017-09-19 12:00:00,32.52324264385625,0.11248313200449213,0.05913187935771182,219.4840919033953
2017-09-20 00:00:00,32.761445134913686,0.11404781702909204,0.059574634279066445,217.08959381803385
2017-09-20 12:00:00,33.02586509729785,0.11493572672838714,0.059586969620276986,215.38956645754584
2017-09-21 00:00:00,33.350821020789525,0.1163975512258542,0.059950708252947925,213.30815965490703
2017-09-21 12:00:00,33.693851197958395,0.11731398852442532,0.06065586085461967,211.71974706101832
2017-09-22 00:00:00,34.02130061519238,0.1186878756526422,0.06102937017400593,209.64834307218638
2017-09-22 12:00:00,34.211934011334655,0.12113564260457418,0.061981499841632016,206.85842082983757
2017-09-23 00:00:00,34.52521760861926,0.12297451797790669,0.062359917129312534,204.72721772842127
2017-09-23 12:00:00,34.750651020445424,0.12451017915192646,0.06261835367536883,202.86194584002038
2017-09-24 00:00:00,35.05589846767409,0.12619740105495533,0.06300323309771723,200.7469828010626
2017-09-24 12:00:00,35.299998843753805,0.1277178163831973,0.06330279415036626,198.8405489040869
2017-09-25 00:00:00,35.60106809278648,0.1292570503458704,0.06369304887991281,196.7414790873878
2017-09-25 12:00:00,35.99851846871517,0.13134635232865385,0.06518355643333719,193.58162511550066
2017-09-26 00:00:00,36.28751394926261,0.13345557803248992,0.06555652278134715,191.48201152452646
2017-09-26 12:00:00,36.550948667777355,0.13538288921802916,0.06594235196547661,189.47455157507628
2017-09-27 00:00:00,36.83064456162345,0.13725856986587218,0.06632272379710392,187.36329317604773
2017-09-27 12:00:00,37.093025756764,0.13898538164020766,0.06672178528153105,185.34150741393077
2017-09-28 00:00:00,37.365830589827276,0.14064305243288472,0.06710835574620176,183.24702189621405
2017-09-28 12:00:00,37.66601985305491,0.1427423780481104,0.06791970094409508,180.70780611340516
2017-09-29 00:00:00,37.93135423919691,0.14443525161780502,0.06830404492071883,178.61542163538215
2017-09-29 12:00:00,38.2018936707134,0.14596221805921702,0.06866711893066,176.57625885293098
2017-09-30 00:00:00,38.462078258700195,0.14742515604565026,0.06905777792566208,174.5004856552396
2017-09-30 12:00:00,38.7342163931865,0.14901335597966936,0.06981997990440313,172.03641392082844
2017-10-01 00:00:00,38.98711822159985,0.15045956911981775,0.07020934383885377,169.96725950205644
2017-10-01 12:00:00,39.22697722123011,0.1517737893928249,0.0705896074895158,167.93740386600942
2017-10-02 00:00:00,39.47349669305014,0.15298593328904672,0.07098471532661717,165.88524166326343
2017-10-02 12:00:00,39.733845510166326,0.15419221139729383,0.07167390753222509,163.50049979698713
2017-10-03 00:00:00,39.97471544122074,0.1553444310435997,0.07206869495219549,161.45738113418795
2017-10-03 12:00:00,40.21129629232948,0.15636712245686438,0.07247165966413949,159.4084392234681
2017-10-04 00:00:00,40.44197392371841,0.15652484469322714,0.07338219670520314,157.41911478183377
2017-10-04 12:00:00,40.6693482075378,0.15735141895864319,0.07361716491750626,155.97410003310844
2017-10-05 00:00:00,40.9006788207648,0.15860117518493438,0.07401475381376131,153.921218384829
2017-10-05 12:00:00,41.17224211928916,0.159647684403196,0.07414327616417574,152.77822178953846
2017-10-06 00:00:00,41.401192203169174,0.1606405208629108,0.07454319396598731,150.7435177195585
2017-10-06 12:00:00,41.625126074570574,0.1616754882462504,0.07470461810366859,149.33883759876824
2017-10-07 00:00:00,41.81982193018261,0.16301542270959926,0.07526452947265073,147.11384102544827
2017-10-07 12:00:00,42.00735417784267,0.1636711006038092,0.0756153706156145,145.52369043319305
2017-10-08 00:00:00,42.233634696170455,0.16443004576864395,0.07606153262776413,143.36392161959807
2017-10-08 12:00:00,42.03163068088454,0.15697646509674862,0.07944738582624708,148.74278146801393
2017-10-09 00:00:00,42.280298458523276,0.1579464110926658,0.07984047063778096,146.7207572191181
2017-10-09 12:00:00,42.78700256508857,0.1529102707323931,0.07721153161639258,155.99251652882378
2017-10-10 00:00:00,43.039056726610454,0.15477811808925668,0.07803647408200602,151.94360249976762
2017-10-10 12:00:00,43.33656365346978,0.15570493949503555,0.07847362291119711,150.66512617430766
2017-10-11 00:00:00,43.639296892587105,0.15658661331671886,0.07891455919944021,149.13962441441973
2017-10-11 12:00:00,43.95315896735223,0.15729320474186131,0.07938013898942793,147.62339231989645
2017-10-12 00:00:00,44.37318790171794,0.15183169518468803,0.07940140369657715,150.03368483707365
2017-10-12 12:00:00,44.68315668251518,0.15212413060068988,0.0796618258973723,150.13154034163958
2017-10-13 00:00:00,55.3598253620885,0.06734598982592288,0.03939946148736978,249.3647890825552
2017-10-13 12:00:00,50.873553142372636,0.056182815553250214,0.027769541725886335,254.6586191124778
2017-10-14 00:00:00,51.00503329380301,0.07172675487921339,0.03564448349788951,236.95065688918726
2017-10-14 12:00:00,48.38907274426132,0.06056818256520563,0.045945119283112276,242.49771164780424
2017-10-15 00:00:00,49.06705449806445,0.06460395877971967,0.04720715733969678,236.83669439885048
2017-10-15 12:00:00,46.71165262104177,0.056467999610602185,0.048781606394598304,241.66553823065735
2017-10-16 00:00:00,47.322628337822934,0.0602165296799597,0.049810961064113576,236.46466872707722
2017-10-16 12:00:00,46.59700078535098,0.05904331281238295,0.0533834466128371,239.40520160432158
2017-10-17 00:00:00,47.073395866994765,0.06710242760904658,0.055856442959216594,226.43057139604815
2017-10-17 12:00:00,41.95335308452947,0.07599188777435308,0.061325225872575266,226.75368934550863
2017-10-18 00:00:00,42.18453209692532,0.07721816063394656,0.06161174663946178,224.6194228552588
2017-10-18 12:00:00,41.76014731476617,0.07842883115000147,0.058393554432804876,227.5853929312916
2017-10-19 00:00:00,41.770596063175404,0.07943927921902041,0.05866528950938834,225.4975425210303
2017-10-19 12:00:00,41.21985439438945,0.0801769483941376,0.060093670307078635,227.08299449522065
2017-10-20 00:00:00,41.59362806322513,0.08109396931111781,0.06037175231626199,225.0420538613723
2017-10-20 12:00:00,42.34920418447275,0.07861461360122962,0.059940099487353585,225.69367443977384
2017-10-21 00:00:00,43.017946223369265,0.07948760421926944,0.06021901707565995,223.6873940307943
2017-10-21 12:00:00,43.38351210734925,0.08073261032222338,0.06076043160432603,222.359378976633
2017-10-22 00:00:00,44.09969014047893,0.08182033189028667,0.06106080171749405,220.49638014915897
2017-10-22 12:00:00,44.437043845792914,0.08216760659296207,0.06072939640134883,220.14066636352848
2017-10-23 00:00:00,45.04999697353258,0.08319277928149148,0.061038499937025543,218.30242536289327
2017-10-23 12:00:00,45.46902749032019,0.08253644914945103,0.06153688000506612,218.05746917712224
2017-10-24 00:00:00,46.06897172982591,0.08349486246551033,0.06183639410433448,215.88063704757838
2017-10-24 12:00:00,45.70972749393143,0.05782540725990311,0.0588296612325926,239.88080280139687
2017-10-25 00:00:00,39.75809993187112,0.06980853915603966,0.05343376215417161,255.90103888742144
2017-10-25 12:00:00,40.941422407734386,0.06770957191894696,0.055044007643612954,249.20543733727817
2017-10-26 00:00:00,31.67350109751644,0.07439616824296413,0.05805172133323936,259.5499237703678
2017-10-26 12:00:00,34.66254679510975,0.07327717057060945,0.05752771173614819,254.3886110940401
2017-10-27 00:00:00,35.27128339441419,0.07370495968411801,0.0577234181722688,252.39701287466224
2017-10-27 12:00:00,36.492733143887726,0.0694864147355542,0.05863442307256932,254.04952724458053
2017-10-28 00:00:00,37.76130250091736,0.06519795156799207,0.0595462052457581,255.33098597126198
2017-10-28 12:00:00,37.8061740968394,0.06529919035178051,0.058718086953447546,254.8978437434023
2017-10-29 00:00:00,37.85139489363808,0.06539549372433719,0.05793037706083796,254.07476580452854
2017-10-29 12:00:00,36.60419232941319,0.06451294020908756,0.05519676985425148,254.86884817366402
2017-10-30 00:00:00,36.948386447301836,0.06570550977549419,0.056370578243135606,252.07661006796624
2017-10-30 12:00:00,37.02103932893544,0.06927471354482768,0.05849576751729424,249.14139221907013
2017-10-31 00:00:00,12.078434716082285,0.140886125049165,0.11159442416400905,301.3574576903751
2017-10-31 12:00:00,34.970115966493765,0.081634538531447,0.06427558851253048,251.82711303303452
2017-11-01 00:00:00,32.18606357791718,0.09141499819260664,0.07117170056791243,256.6237526434919
2017-11-01 12:00:00,32.99447159019276,0.09158949316187301,0.06933465171689923,256.6646457805672
2017-11-02 00:00:00,35.08513188167632,0.08718075435152989,0.06102773869867117,260.9628129894331
2017-11-02 12:00:00,36.31448993431684,0.08589333457865207,0.0567285471925632,261.9825672336214
2017-11-03 00:00:00,36.880726936699695,0.08671379736959207,0.055688568948425596,261.56392635600815
2017-11-03 12:00:00,37.48772871725492,0.08662776908617745,0.05185215670570564,263.17672741255114
2017-11-04 00:00:00,37.45250570530712,0.08779736343171567,0.05022361682100781,262.8004756153515
2017-11-04 12:00:00,37.034611171350264,0.08998858327251888,0.047037490826316385,263.8321760958649
2017-11-05 00:00:00,37.45330326814256,0.09066675322914147,0.046441101517155095,263.09393329632735
2017-11-05 11:00:00,37.658253718666934,0.09058981196905525,0.04446562164869808,263.3607388804672
2017-11-05 23:00:00,37.730097032718305,0.09043606502849816,0.043754268226400744,262.73067432164
2017-11-06 11:00:00,37.649550003588146,0.09015781064848177,0.04322405340574143,262.1051771311162
2017-11-06 23:00:00,38.13585634126082,0.09066868946309906,0.04340948448465616,260.86030276306974
2017-11-07 11:00:00,38.79725222549856,0.08922161527482779,0.04340430714958791,261.5077034319423
2017-11-07 23:00:00,39.50225153267639,0.0888596396955187,0.043836257797532224,261.24247848999875
2017-11-08 11:00:00,39.98018928495857,0.08842327080971252,0.04422429374727975,260.6218216467435
2017-11-08 23:00:00,40.224025890105636,0.0866551517603061,0.044078835213672916,260.72443437548077
2017-11-09 11:00:00,40.40207121639676,0.08426029416740731,0.04348360060939022,261.17620454958654
2017-11-09 23:00:00,40.731595489638885,0.08439200403615507,0.043573316724519896,260.6006195438789
2017-11-10 11:00:00,40.708567352810384,0.08327307721922358,0.043261506272191164,260.68568691276613
2017-11-10 23:00:00,41.22934731755892,0.0837306495129726,0.04349036473060916,259.3731123241724
2017-11-11 11:00:00,41.27825859511104,0.08272567989569891,0.043704817501774657,258.95741921001866
2017-11-11 23:00:00,41.783230200022516,0.08324292787121114,0.043979565207107295,257.5854822045656
2017-11-12 11:00:00,41.83759949888612,0.08405864564368727,0.046257924702952445,258.10454862715284
2017-11-12 23:00:00,42.30764038059119,0.08453040841749718,0.04651367669177915,256.9635282864388
2017-11-13 11:00:00,42.49578876512262,0.08540313813475976,0.04713002980805811,256.94673368109756
2017-11-13 23:00:00,42.74330577533897,0.08619228770207338,0.0476902005803727,256.82952964002163
2017-11-14 11:00:00,42.72278424967782,0.08847393976999231,0.0466768781659319,257.98016732675484
2017-11-14 23:00:00,42.95516426453244,0.08930854514273878,0.04637226295629646,257.39542017253495
2017-11-15 11:00:00,42.98762272855391,0.0892761333128769,0.046293445066520715,257.1370456713852
2017-11-15 23:00:00,43.456661386838405,0.08951209096274038,0.046560031291149655,255.8930331768714
2017-11-16 11:00:00,43.911448018903776,0.08974546072817396,0.04681692666129162,254.61383049110927
2017-11-16 23:00:00,43.73920026154669,0.08846836620078695,0.046630793218768764,254.99188149772624
2017-11-17 11:00:00,44.184769522002696,0.08873083328588499,0.04687693879563313,253.69525913110778
2017-11-17 23:00:00,44.18293970881844,0.0877396565795362,0.04616306115200228,253.92775684431555
2017-11-18 11:00:00,44.19668262205217,0.08682903962977266,0.045507492553194466,254.03173079598852
2017-11-18 23:00:00,43.82512237227402,0.08492609950187095,0.044069346034226686,255.36742984973256
2017-11-19 11:00:00,44.25577190282944,0.0852583439701788,0.044341466412364104,254.09207308645338
2017-11-19 23:00:00,43.868385485483934,0.0848818173624512,0.044297345145868604,254.6464886715016
2017-11-20 11:00:00,43.66454913673012,0.08463442120188455,0.04435578668062811,254.20263479585222
2017-11-20 23:00:00,43.85265035489456,0.08484319817913973,0.044730840388612914,253.10987141256456
2017-11-21 11:00:00,43.675634879986475,0.08545374498193768,0.04653115652061275,254.37012587066303
2017-11-21 23:00:00,43.82235622778875,0.085732993342831,0.04727211950206982,254.20388256743118
2017-11-22 11:00:00,44.22031707184114,0.08601684260510246,0.047546436151892815,252.72242366147273
2017-11-22 23:00:00,44.67162396016715,0.0862112586557612,0.04808711131714974,251.2450058669785
2017-11-23 11:00:00,45.283083007769875,0.08621088755108162,0.04907654410096558,249.86882546956573
2017-11-23 23:00:00,45.81097858461931,0.08631379817724083,0.04976992977081818,248.28220644834505
2017-11-24 11:00:00,45.98480660272199,0.08625698001852378,0.049870929638617584,247.3373100637116
2017-11-24 23:00:00,46.406174097354594,0.08636574514873106,0.050055202613958,245.77929746658074
2017-11-25 11:00:00,46.788325833073756,0.08608098802140056,0.04999066343569612,244.73251799361307
2017-11-25 23:00:00,47.16879891646947,0.08611546207671383,0.050132728916384685,242.9864577628304
2017-11-26 11:00:00,47.56271765472294,0.08642809915981182,0.05041728749324921,241.19307016951498
2017-11-26 23:00:00,47.920575644278934,0.08681472689912936,0.050653085672022174,239.5062701700069
2017-11-27 11:00:00,48.27253572200328,0.08719809970038586,0.050889275587089,237.80368407413087
2017-11-27 23:00:00,48.56422894891494,0.08748133525088582,0.051168442738167196,236.08937539319695
2017-11-28 11:00:00,48.87898480436696,0.08783537506373537,0.051421653974559355,234.49596223064054
2017-11-28 23:00:00,49.2481826952961,0.0881534078304918,0.05171583915773309,232.71484552184273
2017-11-29 11:00:00,49.61262557097047,0.08847113402489211,0.05200855594187196,230.93494253764382
2017-11-29 23:00:00,49.97181043950885,0.0888004753604568,0.052289034675199,229.18960805899562
2017-11-30 11:00:00,50.32992503739232,0.08911915790058476,0.05259007567345468,227.46661013875763
2017-11-30 23:00:00,50.65565770432372,0.08944592660896947,0.052888171178033766,225.72407538595817
2017-12-01 11:00:00,51.00247132541124,0.08977449340417736,0.05319160258728155,224.0077990965452
2017-12-01 23:00:00,51.347357028386185,0.0901024978573213,0.05349704491360963,222.2297500769948
2017-12-02 11:00:00,51.685058426192995,0.0903972653059986,0.05381134166506443,220.49328267867529
2017-12-02 23:00:00,52.02674637400056,0.09071038590783741,0.05411540766812482,218.73309161810903
2017-12-03 11:00:00,52.36210723510695,0.09103875426283346,0.05442679560527652,217.09211773612333
2017-12-03 23:00:00,52.69499570548588,0.09134643988772292,0.05473312572811923,215.33957316023282
2017-12-04 11:00:00,53.019553969304695,0.09167254241931062,0.05504432643460458,213.6627365888856
2017-12-04 23:00:00,53.347534656612666,0.09197254330308902,0.05535270470283872,211.91793752490284
2017-12-05 11:00:00,53.66675461507264,0.09226827236609672,0.05565856340453607,210.23006932524947
2017-12-05 23:00:00,53.985393278503835,0.09255945100568538,0.05596678236685867,208.50573879607455
2017-12-06 11:00:00,54.2994828406244,0.09284045572139839,0.056268843115291574,207.02499977585097
2017-12-06 23:00:00,54.283417340234415,0.09424876396377962,0.05673151759672349,209.5704975254259
2017-12-07 11:00:00,54.65650589868498,0.09429103006137404,0.0570111184026271,207.53698019151327
2017-12-07 23:00:00,54.86012163403524,0.09484617992702692,0.057348387610399024,207.1124242534744
2017-12-08 11:00:00,54.36050626171751,0.09355193465959537,0.05758917027275562,210.10420048495837
2017-12-08 23:00:00,54.24600900463987,0.09309603276787796,0.05709486104312136,209.71459840922458
2017-12-09 11:00:00,53.92485478153232,0.09273240288647948,0.057106118806022024,210.47775753272592
2017-12-09 23:00:00,54.235626483505165,0.0930107050266324,0.05740209367910759,208.82284718913675
2017-12-10 11:00:00,54.23919657325074,0.09091183731024909,0.05884834470309855,211.70161350471022
2017-12-10 23:00:00,54.520935503728694,0.09122622709836102,0.05914193616737593,210.07090791635073
2017-12-11 11:00:00,54.35243419383415,0.09167885079594319,0.059918164967390664,211.83312156775844
2017-12-11 23:00:00,54.66700367109078,0.09197924225477427,0.06020837961883306,210.2180546279314
2017-12-12 11:00:00,54.636075374437375,0.0911200750566517,0.060580366844324454,210.97235313028963
2017-12-12 23:00:00,54.9387515482471,0.0914412636608287,0.06087052585002344,209.3642712944222
2017-12-13 11:00:00,54.849475585584685,0.09122271130333146,0.061028245900841584,209.37670206966214
2017-12-13 23:00:00,55.14714390953394,0.09155761600525594,0.06131978993898974,207.7710791940953
2017-12-14 11:00:00,55.36345245348494,0.09187192053589753,0.06122496802871318,207.48683315563375
2017-12-14 23:00:00,55.660242837759206,0.09220565712009496,0.06151807222642032,205.8832828970519
2017-12-15 11:00:00,55.842406766785835,0.09270204955960443,0.06181446637088508,205.1292112995221
2017-12-15 23:00:00,56.13365292577256,0.09302841635172343,0.062111046538476614,203.52520731373338
2017-12-16 11:00:00,56.3143250018664,0.09326336449066092,0.062319609377725425,202.54147921812302
2017-12-16 23:00:00,56.603125472408,0.09358823229582773,0.06261829590895268,200.93799587729688
2017-12-17 11:00:00,56.859062641714324,0.0939056989032104,0.06288994540848993,199.7766687301325
2017-12-17 23:00:00,57.143908257288665,0.09422575076533406,0.06319090941487106,198.17429396703747
2017-12-18 11:00:00,57.39051914086182,0.09465960283362755,0.06340042758559837,196.86778632494833
2017-12-18 23:00:00,57.67029430893429,0.09496956307050657,0.063704535057176,195.23797222606262
2017-12-19 11:00:00,57.643569118137236,0.09475860728722448,0.06380035770541866,194.7425192080394
2017-12-19 23:00:00,57.915895433872564,0.09507676007714166,0.06410778347103317,193.19001790828156
2017-12-20 11:00:00,57.69621058326564,0.09510276469896316,0.06438796805411806,193.83154324873678
2017-12-20 23:00:00,57.964420450742026,0.09542428199298046,0.06469567921990206,192.36833088764683
2017-12-21 11:00:00,58.22934057194239,0.09574281279569832,0.06499580497103244,191.07734445453528
2017-12-21 23:00:00,58.39516650465724,0.09605668813869477,0.06522594055163634,190.07635342662311
2017-12-22 11:00:00,58.45282613834453,0.09588212119532805,0.06516834320783023,190.00491979371094
2017-12-22 23:00:00,58.48966402506988,0.09618570828655619,0.06531278598346787,189.0697728672309
2017-12-23 11:00:00,58.58596864581353,0.096574556717925,0.06538441847820681,188.37862231147747
2017-12-23 23:00:00,58.84063551774343,0.09688439098967674,0.06569260802273405,186.94273801022726
2017-12-24 11:00:00,59.09334368628113,0.09719617613493016,0.0659998824607416,185.88773133177298
2017-12-24 23:00:00,59.13521709544136,0.09788645082898331,0.06619409647920228,185.91552063156809
2017-12-25 11:00:00,58.06118224203257,0.09926095732623637,0.06435167283629133,193.9784518797694
2017-12-25 23:00:00,57.582282049444785,0.10080074362549957,0.064268641869273,195.7366194772692
2017-12-26 11:00:00,56.50176591963689,0.0985201625427491,0.06514900355282671,200.79653790696133
2017-12-26 23:00:00,56.757055205622194,0.09877149491533097,0.06543379448138367,199.41723930065135
2017-12-27 11:00:00,56.1841546062398,0.09686647757392129,0.0654011516496628,202.7099023825799
2017-12-27 23:00:00,56.435368736339846,0.0971797608825315,0.06568437699073532,201.34574949454
2017-12-28 11:00:00,56.154267756088494,0.09599750407019496,0.06592308874768628,203.26354561880234
2017-12-28 23:00:00,56.402686461534635,0.09635210029078359,0.06620626678158537,201.90528640842393
2017-12-29 11:00:00,56.22356412463805,0.09729245217417079,0.06623725649260757,202.99475840070212
2017-12-29 23:00:00,56.4678416770343,0.09764442171602554,0.06651967639500855,201.63897159742203
2017-12-30 11:00:00,56.36165345478998,0.09809719192890123,0.06648157766006947,202.00471793548593
2017-12-30 23:00:00,56.604229707866295,0.09845545023053606,0.06676535229817358,200.64885477210493
2017-12-31 11:00:00,56.620418909729715,0.09877744215106764,0.06686550104404469,200.50464992418375
2017-12-31 23:00:00,56.86000787407691,0.09914782988511713,0.06715083755281248,199.14708456798414
